<?xml version="1.0"?>
<conf:configuration-backend-db xmlns:conf="http://openoffice.org/extensionmanager/configuration-registry/2010"><conf:configuration url="vnd.sun.star.expand:$UNO_USER_PACKAGES_CACHE/uno_packages/lu1146961b5yay.tmp_/PepitoCleaner.oxt/WriterWindowState.xcu"><conf:ini-entry>$UNO_USER_PACKAGES_CACHE/uno_packages/lu1146961b5yay.tmp_/PepitoCleaner.oxt/WriterWindowState.xcu</conf:ini-entry></conf:configuration><conf:configuration url="vnd.sun.star.expand:$UNO_USER_PACKAGES_CACHE/uno_packages/lu1146961b5yay.tmp_/PepitoCleaner.oxt/WriterWebWindowState.xcu"><conf:ini-entry>$UNO_USER_PACKAGES_CACHE/uno_packages/lu1146961b5yay.tmp_/PepitoCleaner.oxt/WriterWebWindowState.xcu</conf:ini-entry></conf:configuration><conf:configuration url="vnd.sun.star.expand:$UNO_USER_PACKAGES_CACHE/uno_packages/lu1146961b5yay.tmp_/PepitoCleaner.oxt/addon.xcu"><conf:data-url>vnd.sun.star.expand:$UNO_USER_PACKAGES_CACHE/registry/com.sun.star.comp.deployment.configuration.PackageRegistryBackend/lu10112675eigm.tmp</conf:data-url><conf:ini-entry>$UNO_USER_PACKAGES_CACHE/registry/com.sun.star.comp.deployment.configuration.PackageRegistryBackend/lu10112675eigm.tmp/addon.xcu</conf:ini-entry></conf:configuration></conf:configuration-backend-db>
