<?xml version="1.0" encoding="UTF-8"?>
<description xmlns="http://openoffice.org/extensions/description/2006" xmlns:xlink="http://www.w3.org/1999/xlink">
	<identifier value="PepitoCleaner.addon" />
	<version value="0.1.17" />
	<display-name>
		<name lang="en">Pepito Cleaner</name>
	</display-name>
	<update-information>
		<src xlink:href="http://pepitoweb.altervista.org/PepitoCleanerUpdate.xml" />
	</update-information>
	<icon>
		<default xlink:href="icons/icon_26.bmp" />
	</icon>
</description>
