{
  "version": "4.5.25",
  "hide_promotional_message": false,
  "beta_enabled": "No",
  "ignore_all_lsp": false,
  "creation_time": "2023-08-07T09:27:40.566060205Z",
  "guuid": "34e0ec6aa90a4a0f89a34aeca135749d04437db7ea75f3ca07a2602225cda6f5",
  "semantic_status": {},
  "enable_telemetry": true,
  "user_understands_that_enabling_tabnine_cloud_sends_code_to_tabnine_servers": true,
  "deep_completions_work_mode": "Hybrid",
  "hosted_deep_completions_enabled": "Disabled",
  "tabnine_cloud_host": null,
  "tabnine_cloud_certificate_domain": null,
  "tabnine_cloud_port": null,
  "cloud_whitelist": [],
  "num_of_suggestions": 5,
  "line_suggestions": null,
  "rlhf": null,
  "omit_prefix_suggestions": null,
  "api_key": null,
  "api_base_url": null,
  "binary_update_interval_seconds": null,
  "local_enabled": "Unset",
  "disable_local_when_using_battery": false,
  "hide_deep_information_message": false,
  "enable_power_saving_mode": false,
  "rate_limit_interval_seconds": null,
  "rate_limit_amount": null,
  "generation": 60,
  "local_model_size": null,
  "model_hash_override": null,
  "local_indexing": null,
  "heartbeat_interval_seconds": null,
  "last_service_level": "FreeCloudRegistered",
  "override_beams": null,
  "override_context_length": null,
  "onboarding": null,
  "has_git_repos": true,
  "gusr": {
    "dgc": "34e0ec6aa90a4a0f89a34aeca135749d04437db7ea75f3ca07a2602225cda6f5"
  },
  "exclude_file_masks": null,
  "inline_suggestions_mode": null,
  "use_specialized_model_if_available": null,
  "snippets_enabled_v2": null,
  "inline_suggestions_mode_clients": null,
  "tabnine_hub_port": 1123,
  "manually_selected_model": null,
  "hybrid_rendering_mode": null,
  "force_local_hub": false
}