{"DesktopAudioDevice1":{"prev_ver":503316482,"name":"Desktop Audio","uuid":"873e6d9d-42da-4d4d-a3a9-4c89cc322a22","id":"pulse_output_capture","versioned_id":"pulse_output_capture","settings":{"device_id":"default"},"mixers":255,"sync":0,"flags":0,"volume":1.0,"balance":0.5,"enabled":true,"muted":false,"push-to-mute":false,"push-to-mute-delay":0,"push-to-talk":false,"push-to-talk-delay":0,"hotkeys":{"libobs.mute":[],"libobs.unmute":[],"libobs.push-to-mute":[],"libobs.push-to-talk":[]},"deinterlace_mode":0,"deinterlace_field_order":0,"monitoring_type":0,"private_settings":{}},"AuxAudioDevice1":{"prev_ver":503316482,"name":"Mic/Aux","uuid":"69c84021-a431-4fb4-b5cb-6d73d2e31ca6","id":"pulse_input_capture","versioned_id":"pulse_input_capture","settings":{"device_id":"default"},"mixers":255,"sync":0,"flags":0,"volume":0.52629971504211426,"balance":0.5,"enabled":true,"muted":false,"push-to-mute":false,"push-to-mute-delay":0,"push-to-talk":false,"push-to-talk-delay":0,"hotkeys":{"libobs.mute":[],"libobs.unmute":[],"libobs.push-to-mute":[],"libobs.push-to-talk":[]},"deinterlace_mode":0,"deinterlace_field_order":0,"monitoring_type":0,"private_settings":{},"filters":[{"prev_ver":503316482,"name":"Noise Suppression","uuid":"dfdace34-28b6-4ccb-a942-4622044deadc","id":"noise_suppress_filter","versioned_id":"noise_suppress_filter_v2","settings":{},"mixers":255,"sync":0,"flags":0,"volume":1.0,"balance":0.5,"enabled":true,"muted":false,"push-to-mute":false,"push-to-mute-delay":0,"push-to-talk":false,"push-to-talk-delay":0,"hotkeys":{},"deinterlace_mode":0,"deinterlace_field_order":0,"monitoring_type":0,"private_settings":{}}]},"current_scene":"window","current_program_scene":"window","scene_order":[{"name":"Scene"},{"name":"window"},{"name":"vcam"}],"name":"Untitled","sources":[{"prev_ver":503316482,"name":"Scene","uuid":"bc5ea6ff-d0ad-4ffe-ac17-266c4d68fe29","id":"scene","versioned_id":"scene","settings":{"id_counter":1,"custom_size":false,"items":[{"name":"Screen Capture (PipeWire)","source_uuid":"95e91981-9715-4f61-bf2b-339549164117","visible":true,"locked":false,"rot":0.0,"pos":{"x":0.0,"y":0.0},"scale":{"x":1.0,"y":1.0},"align":5,"bounds_type":0,"bounds_align":0,"bounds":{"x":0.0,"y":0.0},"crop_left":0,"crop_top":0,"crop_right":0,"crop_bottom":0,"id":1,"group_item_backup":false,"scale_filter":"disable","blend_method":"default","blend_type":"normal","show_transition":{"duration":0},"hide_transition":{"duration":0},"private_settings":{}}]},"mixers":0,"sync":0,"flags":0,"volume":1.0,"balance":0.5,"enabled":true,"muted":false,"push-to-mute":false,"push-to-mute-delay":0,"push-to-talk":false,"push-to-talk-delay":0,"hotkeys":{"OBSBasic.SelectScene":[],"libobs.show_scene_item.1":[],"libobs.hide_scene_item.1":[]},"deinterlace_mode":0,"deinterlace_field_order":0,"monitoring_type":0,"private_settings":{}},{"prev_ver":503316482,"name":"Screen Capture (PipeWire)","uuid":"95e91981-9715-4f61-bf2b-339549164117","id":"pipewire-desktop-capture-source","versioned_id":"pipewire-desktop-capture-source","settings":{"RestoreToken":""},"mixers":0,"sync":0,"flags":0,"volume":1.0,"balance":0.5,"enabled":true,"muted":false,"push-to-mute":false,"push-to-mute-delay":0,"push-to-talk":false,"push-to-talk-delay":0,"hotkeys":{},"deinterlace_mode":0,"deinterlace_field_order":0,"monitoring_type":0,"private_settings":{}},{"prev_ver":503316482,"name":"vcam","uuid":"e6ad0775-e6ca-4489-b925-0cabbc70bcb8","id":"scene","versioned_id":"scene","settings":{"id_counter":4,"custom_size":false,"items":[]},"mixers":0,"sync":0,"flags":0,"volume":1.0,"balance":0.5,"enabled":true,"muted":false,"push-to-mute":false,"push-to-mute-delay":0,"push-to-talk":false,"push-to-talk-delay":0,"hotkeys":{"OBSBasic.SelectScene":[]},"deinterlace_mode":0,"deinterlace_field_order":0,"monitoring_type":0,"private_settings":{}},{"prev_ver":503316482,"name":"window","uuid":"4317031d-45da-4f30-b601-89f681926a07","id":"scene","versioned_id":"scene","settings":{"id_counter":5,"custom_size":false,"items":[{"name":"Window Capture (PipeWire)","source_uuid":"234da385-bd0f-4bfc-9c95-e24cb3f518c9","visible":true,"locked":false,"rot":0.0,"pos":{"x":0.0,"y":0.0},"scale":{"x":1.0,"y":1.0},"align":5,"bounds_type":0,"bounds_align":0,"bounds":{"x":0.0,"y":0.0},"crop_left":0,"crop_top":0,"crop_right":0,"crop_bottom":0,"id":5,"group_item_backup":false,"scale_filter":"disable","blend_method":"default","blend_type":"normal","show_transition":{"duration":0},"hide_transition":{"duration":0},"private_settings":{}}]},"mixers":0,"sync":0,"flags":0,"volume":1.0,"balance":0.5,"enabled":true,"muted":false,"push-to-mute":false,"push-to-mute-delay":0,"push-to-talk":false,"push-to-talk-delay":0,"hotkeys":{"OBSBasic.SelectScene":[],"libobs.show_scene_item.5":[],"libobs.hide_scene_item.5":[]},"deinterlace_mode":0,"deinterlace_field_order":0,"monitoring_type":0,"private_settings":{}},{"prev_ver":503316482,"name":"Window Capture (PipeWire)","uuid":"234da385-bd0f-4bfc-9c95-e24cb3f518c9","id":"pipewire-window-capture-source","versioned_id":"pipewire-window-capture-source","settings":{"RestoreToken":""},"mixers":0,"sync":0,"flags":0,"volume":1.0,"balance":0.5,"enabled":true,"muted":false,"push-to-mute":false,"push-to-mute-delay":0,"push-to-talk":false,"push-to-talk-delay":0,"hotkeys":{},"deinterlace_mode":0,"deinterlace_field_order":0,"monitoring_type":0,"private_settings":{}}],"groups":[],"quick_transitions":[{"name":"Cut","duration":300,"hotkeys":[],"id":1,"fade_to_black":false},{"name":"Fade","duration":300,"hotkeys":[],"id":2,"fade_to_black":false},{"name":"Fade","duration":300,"hotkeys":[],"id":3,"fade_to_black":true}],"transitions":[],"saved_projectors":[],"current_transition":"Fade","transition_duration":200,"preview_locked":false,"scaling_enabled":false,"scaling_level":0,"scaling_off_x":0.0,"scaling_off_y":0.0,"modules":{"scripts-tool":[],"output-timer":{"streamTimerHours":0,"streamTimerMinutes":0,"streamTimerSeconds":30,"recordTimerHours":0,"recordTimerMinutes":0,"recordTimerSeconds":30,"autoStartStreamTimer":false,"autoStartRecordTimer":false,"pauseRecordTimer":true},"auto-scene-switcher":{"interval":300,"non_matching_scene":"","switch_if_not_matching":false,"active":false,"switches":[]}}}