{"version":"4.12.0","files":[{"path":"/home/scelester/.config/Code/User/globalStorage/tabnine.tabnine-vscode/binaries/4.12.0/x86_64-unknown-linux-musl/TabNine","hash":"f7679fee20d12f5f12619297868b954513adfd322ec0fcd0d9fba9c4735a6f76","name":"TabNine","size":41399944},{"path":"/home/scelester/.config/Code/User/globalStorage/tabnine.tabnine-vscode/binaries/4.12.0/x86_64-unknown-linux-musl/TabNine-deep-cloud","hash":"60ff6a9f189c4f87ba4d7cb8c015635116b813cca81e68c3d3211f4f452b4293","name":"TabNine-deep-cloud","size":12760768},{"path":"/home/scelester/.config/Code/User/globalStorage/tabnine.tabnine-vscode/binaries/4.12.0/x86_64-unknown-linux-musl/TabNine-deep-local","hash":"2f68157f97880e239aa0bb5434595b8afa814ac4fe8f7b487c026fbafe59c0fe","name":"TabNine-deep-local","size":14088352},{"path":"/home/scelester/.config/Code/User/globalStorage/tabnine.tabnine-vscode/binaries/4.12.0/x86_64-unknown-linux-musl/WD-TabNine","hash":"e02f85dd066b551937021af27c1db64233f664dcdfa9fc40104282aaa96db90e","name":"WD-TabNine","size":9148120}]}