{"version":"4.13.0","files":[{"path":"/home/scelester/.config/Code/User/globalStorage/tabnine.tabnine-vscode/binaries/4.13.0/x86_64-unknown-linux-musl/TabNine","hash":"a36089f41c8799450c91080c15c6099458046d62e421b52c253a5685c4d3deb3","name":"TabNine","size":41379464},{"path":"/home/scelester/.config/Code/User/globalStorage/tabnine.tabnine-vscode/binaries/4.13.0/x86_64-unknown-linux-musl/TabNine-deep-cloud","hash":"e8cd21d06ca4f679f38d5040f57f0a70d0d98c257d1fe64a423a98c9eb518896","name":"TabNine-deep-cloud","size":12752576},{"path":"/home/scelester/.config/Code/User/globalStorage/tabnine.tabnine-vscode/binaries/4.13.0/x86_64-unknown-linux-musl/TabNine-deep-local","hash":"25a7275d52b0cba896f57ecd00088bcaf45e7c44d5dbf1ec68f429e9445da99f","name":"TabNine-deep-local","size":14088352},{"path":"/home/scelester/.config/Code/User/globalStorage/tabnine.tabnine-vscode/binaries/4.13.0/x86_64-unknown-linux-musl/WD-TabNine","hash":"13274e5844e408cefbe7005055ba121447b5278476786f31f2e983c6662390d2","name":"WD-TabNine","size":9144024}]}