{"version":"4.14.0","files":[{"path":"/home/scelester/.config/Code/User/globalStorage/tabnine.tabnine-vscode/binaries/4.14.0/x86_64-unknown-linux-musl/TabNine","hash":"f21209191011e7e630a2006734a3618cdcd204d4298beb1f3a08602227bf0f1d","name":"TabNine","size":41367176},{"path":"/home/scelester/.config/Code/User/globalStorage/tabnine.tabnine-vscode/binaries/4.14.0/x86_64-unknown-linux-musl/TabNine-deep-cloud","hash":"abc7d7fb07d5ca4656638268b3ddd62d3d3eb1072f34838a915d23bfa1e5a9a1","name":"TabNine-deep-cloud","size":12756672},{"path":"/home/scelester/.config/Code/User/globalStorage/tabnine.tabnine-vscode/binaries/4.14.0/x86_64-unknown-linux-musl/TabNine-deep-local","hash":"99c0fb5cc916386d82c34cc737f626aaa18c83e266ba4fea5a8b4ca8e225fec0","name":"TabNine-deep-local","size":14084256},{"path":"/home/scelester/.config/Code/User/globalStorage/tabnine.tabnine-vscode/binaries/4.14.0/x86_64-unknown-linux-musl/WD-TabNine","hash":"f2c9c7daa01e797d64580cc59ae0314fac2c2e49d1a71bf95d3b1942da6272a4","name":"WD-TabNine","size":9139928}]}