{"version":"4.24.0","files":[{"path":"/home/scelester/.config/Code/User/globalStorage/tabnine.tabnine-vscode/binaries/4.24.0/x86_64-unknown-linux-musl/TabNine","hash":"19c8888755bc68c1b50971f6fdc89ff8ef809ef72651f1a794c398592b61ac14","name":"TabNine","size":43665968},{"path":"/home/scelester/.config/Code/User/globalStorage/tabnine.tabnine-vscode/binaries/4.24.0/x86_64-unknown-linux-musl/TabNine-deep-cloud","hash":"0e39ce6613e4d2732e4b380af9698a6a181ea0ed334dca38a8368ba572c45f1a","name":"TabNine-deep-cloud","size":12731912},{"path":"/home/scelester/.config/Code/User/globalStorage/tabnine.tabnine-vscode/binaries/4.24.0/x86_64-unknown-linux-musl/TabNine-deep-local","hash":"909230a2d3579c0c85bac11fa50c88655e8a30716d4ebbffa023d03a7e06edc0","name":"TabNine-deep-local","size":14104584},{"path":"/home/scelester/.config/Code/User/globalStorage/tabnine.tabnine-vscode/binaries/4.24.0/x86_64-unknown-linux-musl/TabNine-server-runner","hash":"e4fef52893162521aedfa3b1366f55f4ceb81c31e5a544c6e2255823dad620f8","name":"TabNine-server-runner","size":6175296},{"path":"/home/scelester/.config/Code/User/globalStorage/tabnine.tabnine-vscode/binaries/4.24.0/x86_64-unknown-linux-musl/WD-TabNine","hash":"100990274b11933e2113c93807107727c76432368d8de71fade9613d4539df02","name":"WD-TabNine","size":9152064}]}