{"version":"4.31.0","files":[{"path":"/home/scelester/.config/Code/User/globalStorage/tabnine.tabnine-vscode/binaries/4.31.0/x86_64-unknown-linux-musl/TabNine","hash":"56475d6e0d19dbbbe85a6cdbfa83b2ffd4bdade2acb8b143b8ab75074435819f","name":"TabNine","size":45896400},{"path":"/home/scelester/.config/Code/User/globalStorage/tabnine.tabnine-vscode/binaries/4.31.0/x86_64-unknown-linux-musl/TabNine-deep-cloud","hash":"b108db37e894bcb5f77e905a961753781ffb2bd5f4a928dd41621b5dad98d14c","name":"TabNine-deep-cloud","size":12809736},{"path":"/home/scelester/.config/Code/User/globalStorage/tabnine.tabnine-vscode/binaries/4.31.0/x86_64-unknown-linux-musl/TabNine-deep-local","hash":"ebc307f83a5dc5fbb717140947084d5e2f71d9e76a5e1f19497452ff96fe34a6","name":"TabNine-deep-local","size":14223368},{"path":"/home/scelester/.config/Code/User/globalStorage/tabnine.tabnine-vscode/binaries/4.31.0/x86_64-unknown-linux-musl/TabNine-server-runner","hash":"0615650b6ffaaee50092a52993a6d06745c0e46cfdfb7ba170c68f4d4276763b","name":"TabNine-server-runner","size":6277696},{"path":"/home/scelester/.config/Code/User/globalStorage/tabnine.tabnine-vscode/binaries/4.31.0/x86_64-unknown-linux-musl/WD-TabNine","hash":"1f0d8c49213d9448e4f5ca60fa5bd6bef5341b2c1f2dbde100e608c5bda30c93","name":"WD-TabNine","size":9213504}]}