{"version":"4.34.0","files":[{"path":"/home/scelester/.config/Code/User/globalStorage/tabnine.tabnine-vscode/binaries/4.34.0/x86_64-unknown-linux-musl/TabNine","hash":"4b8ea5c09cd6cdf0107de49652a1129a04ade20eb10c0abd5fc387d441a5e5d7","name":"TabNine","size":39764848},{"path":"/home/scelester/.config/Code/User/globalStorage/tabnine.tabnine-vscode/binaries/4.34.0/x86_64-unknown-linux-musl/TabNine-deep-cloud","hash":"2d2a2887c9b204f1b5ff97937de2998fb1a576b6f7e27fa2f3f7d23484a49a04","name":"TabNine-deep-cloud","size":12809736},{"path":"/home/scelester/.config/Code/User/globalStorage/tabnine.tabnine-vscode/binaries/4.34.0/x86_64-unknown-linux-musl/TabNine-deep-local","hash":"c5af20a426d261e1d3a270c345fa76daddd8a8db93082666cc86d08fd1dd392a","name":"TabNine-deep-local","size":14223368},{"path":"/home/scelester/.config/Code/User/globalStorage/tabnine.tabnine-vscode/binaries/4.34.0/x86_64-unknown-linux-musl/TabNine-server-runner","hash":"0615650b6ffaaee50092a52993a6d06745c0e46cfdfb7ba170c68f4d4276763b","name":"TabNine-server-runner","size":6277696},{"path":"/home/scelester/.config/Code/User/globalStorage/tabnine.tabnine-vscode/binaries/4.34.0/x86_64-unknown-linux-musl/WD-TabNine","hash":"607e31932bb8aa2f373f6aef73b400d9e183f09b7a2d6ad819f3547ebbb27e81","name":"WD-TabNine","size":9213504}]}