{"version":"4.36.0","files":[{"path":"/home/scelester/.config/Code/User/globalStorage/tabnine.tabnine-vscode/binaries/4.36.0/x86_64-unknown-linux-musl/TabNine","hash":"06e18f67978b4e35432eab917459b8fd10e318acfe5ab1323002b4a87f2fd902","name":"TabNine","size":39744368},{"path":"/home/scelester/.config/Code/User/globalStorage/tabnine.tabnine-vscode/binaries/4.36.0/x86_64-unknown-linux-musl/TabNine-deep-cloud","hash":"e2b04365706aebaced5c35983c7ddebb7a8473706fcb740a47a09309a665b263","name":"TabNine-deep-cloud","size":12813832},{"path":"/home/scelester/.config/Code/User/globalStorage/tabnine.tabnine-vscode/binaries/4.36.0/x86_64-unknown-linux-musl/TabNine-deep-local","hash":"2ca21c9fee67e910c909a7c1a5b4bd29c441d4bd55017662c6a311999d14cde1","name":"TabNine-deep-local","size":14223368},{"path":"/home/scelester/.config/Code/User/globalStorage/tabnine.tabnine-vscode/binaries/4.36.0/x86_64-unknown-linux-musl/TabNine-server-runner","hash":"0615650b6ffaaee50092a52993a6d06745c0e46cfdfb7ba170c68f4d4276763b","name":"TabNine-server-runner","size":6277696},{"path":"/home/scelester/.config/Code/User/globalStorage/tabnine.tabnine-vscode/binaries/4.36.0/x86_64-unknown-linux-musl/WD-TabNine","hash":"8c9ca43e6a2d191ab664b646f993674c2e5352043739143005197870709d00b3","name":"WD-TabNine","size":9213504}]}