{"version":"4.49.0","files":[{"path":"/home/scelester/.config/Code/User/globalStorage/tabnine.tabnine-vscode/binaries/4.49.0/x86_64-unknown-linux-musl/TabNine","hash":"c85699c464996eece312f1d1e2b27794d808d9c0d79f49250a0c10ce0311ff18","name":"TabNine","size":38994672},{"path":"/home/scelester/.config/Code/User/globalStorage/tabnine.tabnine-vscode/binaries/4.49.0/x86_64-unknown-linux-musl/TabNine-deep-cloud","hash":"92fc3732d99cb39326d1015bcb987b7258fd637bc836eea20864b1313ffb7e4c","name":"TabNine-deep-cloud","size":12690952},{"path":"/home/scelester/.config/Code/User/globalStorage/tabnine.tabnine-vscode/binaries/4.49.0/x86_64-unknown-linux-musl/TabNine-deep-local","hash":"a344e6296b8a71b9c83383b13cbf62a5eec4616212a2834ab202bbad7a6b86e3","name":"TabNine-deep-local","size":14329864},{"path":"/home/scelester/.config/Code/User/globalStorage/tabnine.tabnine-vscode/binaries/4.49.0/x86_64-unknown-linux-musl/TabNine-server-runner","hash":"4c9880b1d995387111cf4e1b5a94556c24fa5756a3d7a5a1307835e684f96e98","name":"TabNine-server-runner","size":6457920},{"path":"/home/scelester/.config/Code/User/globalStorage/tabnine.tabnine-vscode/binaries/4.49.0/x86_64-unknown-linux-musl/WD-TabNine","hash":"a33bfc49c932050b5e5a916e92d583175af4fa92cfdbdc3e3980377036b933f2","name":"WD-TabNine","size":9061952}]}