{"version":"4.5.27","files":[{"path":"/home/scelester/.config/Code/User/globalStorage/tabnine.tabnine-vscode/binaries/4.5.27/x86_64-unknown-linux-musl/TabNine","hash":"9441eeda21a93dba1da42cfd8682d4b6c048ea2b7864099e971cd9dafb2fc336","name":"TabNine","size":41142056},{"path":"/home/scelester/.config/Code/User/globalStorage/tabnine.tabnine-vscode/binaries/4.5.27/x86_64-unknown-linux-musl/TabNine-deep-cloud","hash":"50f3459527e591cb071b9b7bd09c435f67e0780300f2a66545e86e2d1d134b2f","name":"TabNine-deep-cloud","size":12572344},{"path":"/home/scelester/.config/Code/User/globalStorage/tabnine.tabnine-vscode/binaries/4.5.27/x86_64-unknown-linux-musl/TabNine-deep-local","hash":"0ae26999edc47faa5516056f7803a2b2e0564ba3c0fb2d259ceb0d538ac538ba","name":"TabNine-deep-local","size":13920408},{"path":"/home/scelester/.config/Code/User/globalStorage/tabnine.tabnine-vscode/binaries/4.5.27/x86_64-unknown-linux-musl/WD-TabNine","hash":"3eacade61b06bb92f3c8274bc6b52f395f99d3d3cb589b1ccb78f173b010aa13","name":"WD-TabNine","size":9025240}]}