{"version":"4.5.26","files":[{"path":"/home/scelester/.config/Code/User/globalStorage/tabnine.tabnine-vscode/binaries/4.5.26/x86_64-unknown-linux-musl/TabNine","hash":"d6db5f9d5403b8921d5882b88fb25f553c8b8ca3a5ef5876d92c393acb3dc35b","name":"TabNine","size":41166632},{"path":"/home/scelester/.config/Code/User/globalStorage/tabnine.tabnine-vscode/binaries/4.5.26/x86_64-unknown-linux-musl/TabNine-deep-cloud","hash":"cba8ebd64cc6dbffb15ee77f37182570edaec1a308278dd68283c5e339e9bae3","name":"TabNine-deep-cloud","size":12588728},{"path":"/home/scelester/.config/Code/User/globalStorage/tabnine.tabnine-vscode/binaries/4.5.26/x86_64-unknown-linux-musl/TabNine-deep-local","hash":"7cb5fd3d9e50f109ead989261e7397843892bffa2608bcb914b1f1d533dbdf18","name":"TabNine-deep-local","size":13932696},{"path":"/home/scelester/.config/Code/User/globalStorage/tabnine.tabnine-vscode/binaries/4.5.26/x86_64-unknown-linux-musl/WD-TabNine","hash":"5aafb6b360eec666d17371476496742198861617517c81deeff555510e29c418","name":"WD-TabNine","size":9033432}]}