{"version":"4.5.28","files":[{"path":"/home/scelester/.config/Code/User/globalStorage/tabnine.tabnine-vscode/binaries/4.5.28/x86_64-unknown-linux-musl/TabNine","hash":"44d9d6cc9eac487ef604867c7c3055d6623f6c30df5d61aad3b549ff59e13341","name":"TabNine","size":41203496},{"path":"/home/scelester/.config/Code/User/globalStorage/tabnine.tabnine-vscode/binaries/4.5.28/x86_64-unknown-linux-musl/TabNine-deep-cloud","hash":"f1b8ff2ee0fb733f7b1d500064be0504291f23b4b4d5e62ab150b6b473bedf82","name":"TabNine-deep-cloud","size":12580536},{"path":"/home/scelester/.config/Code/User/globalStorage/tabnine.tabnine-vscode/binaries/4.5.28/x86_64-unknown-linux-musl/TabNine-deep-local","hash":"10013ee271f38efd3fdd8d767861316d2d02074eeae1cffed87fa038b457af5b","name":"TabNine-deep-local","size":13920408},{"path":"/home/scelester/.config/Code/User/globalStorage/tabnine.tabnine-vscode/binaries/4.5.28/x86_64-unknown-linux-musl/WD-TabNine","hash":"77e4e9762809a804e6900af4e12497d522db7182c55dc47133448a5d64a6d8a8","name":"WD-TabNine","size":9029336}]}