{"version":"4.53.0","files":[{"path":"/home/scelester/.config/Code/User/globalStorage/tabnine.tabnine-vscode/binaries/4.53.0/x86_64-unknown-linux-musl/TabNine","hash":"24bf168c2354898e385bbb41292e16f0fe48fca463bfcf7634faa323deac39cf","name":"TabNine","size":39121648},{"path":"/home/scelester/.config/Code/User/globalStorage/tabnine.tabnine-vscode/binaries/4.53.0/x86_64-unknown-linux-musl/TabNine-deep-cloud","hash":"6b5b1cc7fd27e53c9e070b9bbf29df6b3248fd05991ca13e2135de558e4c429d","name":"TabNine-deep-cloud","size":12649992},{"path":"/home/scelester/.config/Code/User/globalStorage/tabnine.tabnine-vscode/binaries/4.53.0/x86_64-unknown-linux-musl/TabNine-deep-local","hash":"a676f8a2cf605fe714f8e56cf13dda9b68dd32f5e44a75a21bc0a815760d3c6f","name":"TabNine-deep-local","size":14313480},{"path":"/home/scelester/.config/Code/User/globalStorage/tabnine.tabnine-vscode/binaries/4.53.0/x86_64-unknown-linux-musl/TabNine-server-runner","hash":"52d0affa6ed0ac736be22856f0c37842f3d7b3603ddd33454efa1db93a2275af","name":"TabNine-server-runner","size":6486592},{"path":"/home/scelester/.config/Code/User/globalStorage/tabnine.tabnine-vscode/binaries/4.53.0/x86_64-unknown-linux-musl/WD-TabNine","hash":"9bca9f13e7d95553aee529d1bc453e94e7ab205835549144b06f5a9370908594","name":"WD-TabNine","size":9029184}]}