{"version":"4.75.0","files":[{"path":"/home/scelester/.config/Code/User/globalStorage/tabnine.tabnine-vscode/binaries/4.75.0/x86_64-unknown-linux-musl/TabNine","hash":"ae016d03db75e7c579d622410981a3a28edc0553b9db2dc41efa98d87b17d52b","name":"TabNine","size":40571856},{"path":"/home/scelester/.config/Code/User/globalStorage/tabnine.tabnine-vscode/binaries/4.75.0/x86_64-unknown-linux-musl/TabNine-deep-cloud","hash":"1c62ec8199ae5c7b5c49b23916345a46bc068cc2fa5f10455e013f849f86690e","name":"TabNine-deep-cloud","size":12916232},{"path":"/home/scelester/.config/Code/User/globalStorage/tabnine.tabnine-vscode/binaries/4.75.0/x86_64-unknown-linux-musl/TabNine-deep-local","hash":"053985d1e3cccdb437cd22dc348317b1ea33f74a47b76547ec55522b830f422e","name":"TabNine-deep-local","size":14682120},{"path":"/home/scelester/.config/Code/User/globalStorage/tabnine.tabnine-vscode/binaries/4.75.0/x86_64-unknown-linux-musl/TabNine-server-runner","hash":"07d0365ceac1e46c990a6139f5cc8954f70804ec455abe167313c67213f2d8c2","name":"TabNine-server-runner","size":6597184},{"path":"/home/scelester/.config/Code/User/globalStorage/tabnine.tabnine-vscode/binaries/4.75.0/x86_64-unknown-linux-musl/WD-TabNine","hash":"f795726523d7a2ed6e718a720e621395b44229d84994192570918fccf416463e","name":"WD-TabNine","size":9176640}]}