<?xml version="1.0" encoding="UTF-8"?>

<channel name="thunar" version="1.0">
  <property name="last-view" type="string" value="ThunarIconView"/>
  <property name="last-icon-view-zoom-level" type="string" value="THUNAR_ZOOM_LEVEL_100_PERCENT"/>
  <property name="last-separator-position" type="int" value="170"/>
  <property name="last-window-maximized" type="bool" value="true"/>
  <property name="last-show-hidden" type="bool" value="true"/>
  <property name="last-details-view-zoom-level" type="string" value="THUNAR_ZOOM_LEVEL_38_PERCENT"/>
  <property name="last-details-view-visible-columns" type="string" value="THUNAR_COLUMN_DATE_MODIFIED,THUNAR_COLUMN_NAME,THUNAR_COLUMN_SIZE,THUNAR_COLUMN_TYPE"/>
  <property name="last-details-view-column-widths" type="string" value="50,50,258,50,50,358,50,50,554,50,50,108,50,468"/>
  <property name="misc-single-click" type="bool" value="false"/>
  <property name="misc-date-style" type="string" value="THUNAR_DATE_STYLE_SHORT"/>
  <property name="last-sort-column" type="string" value="THUNAR_COLUMN_NAME"/>
  <property name="last-sort-order" type="string" value="GTK_SORT_ASCENDING"/>
  <property name="last-menubar-visible" type="bool" value="false"/>
</channel>
