<application>
  <component name="ActionsLocalSummary">
    <e n="Adtui.ZoomInAction">
      <i c="2" l="1695890064424" />
    </e>
    <e n="Adtui.ZoomOutAction">
      <i c="5" l="1695890067794" />
    </e>
    <e n="Adtui.ZoomToActualAction">
      <i c="2" l="1695890066235" />
    </e>
    <e n="Android.DeviceManager">
      <i c="2" l="1695890010933" />
    </e>
    <e n="ChooseRunConfiguration">
      <i c="1" l="1695839461152" />
    </e>
    <e n="CloseProject">
      <i c="1" l="1695839474693" />
    </e>
    <e n="Run">
      <i c="1" l="1695839535334" />
    </e>
    <e n="WelcomeScreen.AndroidStudio.apkProfilingAndDebugging">
      <i c="1" l="1695839498664" />
    </e>
    <e n="WelcomeScreen.OpenProject">
      <i c="1" l="1695839320599" />
    </e>
    <e n="android.device.back.button">
      <i c="1" l="1695889822565" />
    </e>
    <e n="android.device.volume.down.button">
      <i c="9" l="1695889778127" />
    </e>
    <e n="android.device.volume.up.button">
      <i c="18" l="1695889781771" />
    </e>
    <e n="android.emulator.extended.controls">
      <i c="1" l="1695889716761" />
    </e>
    <e n="com.android.tools.idea.streaming.StreamingToolWindowFactory$init$1">
      <i c="1" l="1695889848729" />
    </e>
    <e n="com.intellij.openapi.actionSystem.DefaultActionGroup">
      <i c="1" l="1695839494312" />
    </e>
    <e n="com.intellij.openapi.fileEditor.impl.tabActions.CloseTab">
      <i c="1" l="1695889899567" />
    </e>
    <e n="com.intellij.toolWindow.ToolWindowHeader$ShowOptionsAction">
      <i c="3" l="1695890533828" />
    </e>
  </component>
</application>