<application>
  <component name="PropertyService">{
  &quot;keyToString&quot;: {
    &quot;ExpandBeforeRunStepsPanel&quot;: &quot;true&quot;,
    &quot;NonModalCommitCustomization.IsApplied&quot;: &quot;true&quot;,
    &quot;RunOnceActivity.cidr.test.framework.showIndexingAsTask&quot;: &quot;true&quot;,
    &quot;RunOnceActivity.se.text.search&quot;: &quot;true&quot;,
    &quot;android.sdk.path&quot;: &quot;/home/scelester/Android/Sdk&quot;,
    &quot;appcds.runOnSecondStart&quot;: &quot;AI-223.8836.35.2231.10671973-ce6e8ec6f638b68a36c2d44f43e853efd5f904e07c8e7fe1a489f0cd3eae6f29&quot;,
    &quot;ask.about.ctrl.y.shortcut.v2&quot;: &quot;true&quot;,
    &quot;bundled.plugins.list.saved.version&quot;: &quot;AI-223.8836.35.2231.10671973&quot;,
    &quot;fileTypeChangedCounter&quot;: &quot;1&quot;,
    &quot;fontSizeToResetConsole&quot;: &quot;13.0&quot;,
    &quot;fontSizeToResetEditor&quot;: &quot;13.0&quot;,
    &quot;gotit.previous.run&quot;: &quot;AI-223.8836.35.2231.10671973&quot;,
    &quot;input.method.disabler.muted&quot;: &quot;true&quot;,
    &quot;installed.kotlin.plugin.version&quot;: &quot;223-1.9.0-release-358-AS8836.35.2231.10671973&quot;,
    &quot;last.apk.imported.location&quot;: &quot;/home/scelester/ProjectD/flute/noveldust/build/app/outputs/flutter-apk/app-release.apk&quot;,
    &quot;last_opened_file_path&quot;: &quot;/home/scelester/ProjectD/flute/noveldust/build/app/outputs/flutter-apk/app-release.apk&quot;,
    &quot;previousColorScheme&quot;: &quot;_@user_Darcula&quot;,
    &quot;registry.to.advanced.settings.migration.build&quot;: &quot;AI-223.8836.35.2231.10671973&quot;,
    &quot;tasks.pass.word.conversion.enforced&quot;: &quot;true&quot;
  },
  &quot;keyToStringList&quot;: {
    &quot;file.chooser.recent.files&quot;: [
      &quot;/home/scelester/ProjectD/flute/noveldust/build/app/outputs/flutter-apk/app-release.apk&quot;
    ],
    &quot;fileTypeDetectors&quot;: [
      &quot;com.intellij.ide.scratch.ScratchFileServiceImpl$Detector&quot;,
      &quot;com.jetbrains.cidr.lang.OCHeaderFileTypeDetector&quot;,
      &quot;com.android.tools.idea.sqlite.fileType.SqliteFileTypeDetector&quot;,
      &quot;com.android.tools.idea.profilers.capture.MemoryCaptureFileType$Detector&quot;,
      &quot;org.jetbrains.plugins.textmate.TextMateFileType$TextMateFileDetector&quot;
    ]
  }
}</component>
  <component name="ShownTips">{
  &quot;shownTips&quot;: {
    &quot;InjectSQLLanguage&quot;: 1695839425416
  }
}</component>
  <component name="TerminalCommandHistoryManager">
    <command-history-files>
      <command-history-file filename="app-release-history" project-path="$USER_HOME$/ApkProjects/app-release" last-access-time="1695890287995" />
    </command-history-files>
  </component>
</application>