<application>
  <component name="RecentProjectsManager">
    <option name="additionalInfo">
      <map>
        <entry key="$USER_HOME$/ProjectD/flute/noveldust">
          <value>
            <RecentProjectMetaInfo frameTitle="app-release.apk – README.md" projectWorkspaceId="2VzWO0xFQ5Y5MGvyrp9aj1gtIaY">
              <option name="activationTimestamp" value="1695839433525" />
              <option name="binFolder" value="$APPLICATION_HOME_DIR$/bin" />
              <option name="build" value="AI-223.8836.35.2231.10671973" />
              <option name="buildTimestamp" value="1692250035874" />
              <frame x="308" y="154" width="945" height="500" />
              <option name="productionCode" value="AI" />
              <option name="projectOpenTimestamp" value="1695839419671" />
            </RecentProjectMetaInfo>
          </value>
        </entry>
        <entry key="$USER_HOME$/ApkProjects/app-release">
          <value>
            <RecentProjectMetaInfo frameTitle="app-release – app-release.apk" opened="true" projectWorkspaceId="2VzWggSZctfktruxBkbmvUtalyq">
              <option name="activationTimestamp" value="1695890570443" />
              <option name="binFolder" value="$APPLICATION_HOME_DIR$/bin" />
              <option name="build" value="AI-223.8836.35.2231.10671973" />
              <option name="buildTimestamp" value="1692250048997" />
              <frame x="7" y="57" width="1906" height="1016" />
              <option name="productionCode" value="AI" />
              <option name="projectOpenTimestamp" value="1695889352952" />
            </RecentProjectMetaInfo>
          </value>
        </entry>
      </map>
    </option>
    <option name="lastOpenedProject" value="$USER_HOME$/ApkProjects/app-release" />
  </component>
</application>