<application>
  <component name="WindowManager">
    <frame x="7" y="57" width="1906" height="1016" />
  </component>
  <component name="WindowStateApplicationService">
    <state x="666" y="258" key="FileChooserDialogImpl" timestamp="1695839501336">
      <screen x="0" y="0" width="1920" height="1080" />
    </state>
    <state x="666" y="258" key="FileChooserDialogImpl/0.0.1920.1080" timestamp="1695839501336" />
    <state x="479" y="307" width="935" height="650" key="WELCOME_SCREEN" timestamp="1695839488344">
      <screen x="0" y="0" width="1920" height="1080" />
    </state>
    <state x="479" y="307" width="935" height="650" key="WELCOME_SCREEN/0.0.1920.1080" timestamp="1695839488344" />
  </component>
</application>