<?xml version="1.0"?>
<ext:extension-backend-db xmlns:ext="http://openoffice.org/extensionmanager/extension-registry/2010"><ext:extension url="vnd.sun.star.expand:$UNO_USER_PACKAGES_CACHE/uno_packages/lu1146961b5yay.tmp_/PepitoCleaner.oxt"><ext:extension-items><ext:item><ext:url>vnd.sun.star.expand:$UNO_USER_PACKAGES_CACHE/uno_packages/lu1146961b5yay.tmp_/PepitoCleaner.oxt/PepitoCleaner/</ext:url><ext:media-type>application/vnd.sun.star.basic-library</ext:media-type></ext:item><ext:item><ext:url>vnd.sun.star.expand:$UNO_USER_PACKAGES_CACHE/uno_packages/lu1146961b5yay.tmp_/PepitoCleaner.oxt/WriterWindowState.xcu</ext:url><ext:media-type>application/vnd.sun.star.configuration-data</ext:media-type></ext:item><ext:item><ext:url>vnd.sun.star.expand:$UNO_USER_PACKAGES_CACHE/uno_packages/lu1146961b5yay.tmp_/PepitoCleaner.oxt/WriterWebWindowState.xcu</ext:url><ext:media-type>application/vnd.sun.star.configuration-data</ext:media-type></ext:item><ext:item><ext:url>vnd.sun.star.expand:$UNO_USER_PACKAGES_CACHE/uno_packages/lu1146961b5yay.tmp_/PepitoCleaner.oxt/addon.xcu</ext:url><ext:media-type>application/vnd.sun.star.configuration-data</ext:media-type></ext:item></ext:extension-items></ext:extension></ext:extension-backend-db>
