{
  "data": [
    {
      "modelId": "63dcd97e5a52503cc72031b271d76629eec8d4d16f0b4399bd32250edcbc6c5d",
      "uploadTime": "2021-08-24T14:48:33+00:00",
      "crc32OverFileWithoutHeaders": "af421852",
      "modelSize": "Small",
      "ownedByTeamId": null,
      "specializedForLanguage": "java",
      "sourceType": null,
      "displayName": null,
      "isProductionReady": true,
      "isManuallySelectable": false
    },
    {
      "modelId": "d8702ba8924d0c2d199f150dd06014c1b9bef8db17a9c0d84399719382f52ced",
      "uploadTime": "2021-07-25T13:49:57+00:00",
      "crc32OverFileWithoutHeaders": "4caf976f",
      "modelSize": "Small",
      "ownedByTeamId": null,
      "specializedForLanguage": "python",
      "sourceType": null,
      "displayName": null,
      "isProductionReady": true,
      "isManuallySelectable": false
    },
    {
      "modelId": "591b421bdc757cc6e213b8c7d983835e5e2b03510df20183fae389668f354bda",
      "uploadTime": "2021-07-25T13:51:02+00:00",
      "crc32OverFileWithoutHeaders": "598b1f5b",
      "modelSize": "Small",
      "ownedByTeamId": null,
      "specializedForLanguage": "go",
      "sourceType": null,
      "displayName": null,
      "isProductionReady": true,
      "isManuallySelectable": false
    },
    {
      "modelId": "b0a64451a40e22dd2e9b7a5b726503176f51cf53db1a16794091c92e17d283b6",
      "uploadTime": "2021-12-26T16:02:33+00:00",
      "crc32OverFileWithoutHeaders": "af13a7ee",
      "modelSize": "Small",
      "ownedByTeamId": null,
      "specializedForLanguage": "dart",
      "sourceType": null,
      "displayName": null,
      "isProductionReady": true,
      "isManuallySelectable": false
    },
    {
      "modelId": "41014ce91795d54cea7337830e118be4d32b967ca3560d72924ff0d279abd1aa",
      "uploadTime": "2022-01-20T16:51:25+00:00",
      "crc32OverFileWithoutHeaders": "9a0a430f",
      "modelSize": "Small",
      "ownedByTeamId": null,
      "specializedForLanguage": "hcl",
      "sourceType": null,
      "displayName": null,
      "isProductionReady": true,
      "isManuallySelectable": false
    },
    {
      "modelId": "f510e7fcff5f368dfceac3d745628c3b4d07bf563341494c25d5949d2f69a20e",
      "uploadTime": "2022-01-10T18:36:58+00:00",
      "crc32OverFileWithoutHeaders": "ba448725",
      "modelSize": "Small",
      "ownedByTeamId": null,
      "specializedForLanguage": "julia",
      "sourceType": null,
      "displayName": null,
      "isProductionReady": true,
      "isManuallySelectable": false
    },
    {
      "modelId": "0746f080e958741bba5bdb5a6320178cd582fc763f47a256845372b7cdfabc13",
      "uploadTime": "2022-02-09T16:29:33+00:00",
      "crc32OverFileWithoutHeaders": "29b87067",
      "modelSize": "Small",
      "ownedByTeamId": null,
      "specializedForLanguage": "ruby",
      "sourceType": null,
      "displayName": null,
      "isProductionReady": true,
      "isManuallySelectable": false
    },
    {
      "modelId": "5e08a29eb8b4fdb6a896f15a075dd46455c345b61551a5f27ece171463af5c48",
      "uploadTime": "2022-02-09T14:15:32+00:00",
      "crc32OverFileWithoutHeaders": "46f17fa1",
      "modelSize": "Small",
      "ownedByTeamId": null,
      "specializedForLanguage": "rust",
      "sourceType": null,
      "displayName": null,
      "isProductionReady": true,
      "isManuallySelectable": false
    },
    {
      "modelId": "6f5da3741613535906f2a221962b433d04a8ceb3c023b07c6ea543feb29994cf",
      "uploadTime": "2021-05-25T15:38:00+00:00",
      "crc32OverFileWithoutHeaders": "89ce67cd",
      "modelSize": "XSmall",
      "ownedByTeamId": null,
      "specializedForLanguage": null,
      "sourceType": null,
      "displayName": null,
      "isProductionReady": true,
      "isManuallySelectable": false
    },
    {
      "modelId": "60671d35cc805bd88b91aaf46d2386a5c535aa92d987b9bc146f4b020238d112",
      "uploadTime": "2022-02-09T15:49:51+00:00",
      "crc32OverFileWithoutHeaders": "b6e9f0da",
      "modelSize": "Small",
      "ownedByTeamId": null,
      "specializedForLanguage": "cpp",
      "sourceType": null,
      "displayName": null,
      "isProductionReady": true,
      "isManuallySelectable": false
    },
    {
      "modelId": "162640eb4381301da6ff3a6913c806965a2ec6a7d3a6943bec51de1088948c72",
      "uploadTime": "2021-05-25T15:38:00+00:00",
      "crc32OverFileWithoutHeaders": "ce94127b",
      "modelSize": "Small",
      "ownedByTeamId": null,
      "specializedForLanguage": null,
      "sourceType": null,
      "displayName": null,
      "isProductionReady": true,
      "isManuallySelectable": false
    },
    {
      "modelId": "41ce93190836f023f42f2bb916683bffede489bd604ec1c16d7ae16d71a7f064",
      "uploadTime": "2021-05-25T15:38:00+00:00",
      "crc32OverFileWithoutHeaders": "b8373e4b",
      "modelSize": "Medium",
      "ownedByTeamId": null,
      "specializedForLanguage": null,
      "sourceType": null,
      "displayName": null,
      "isProductionReady": true,
      "isManuallySelectable": false
    }
  ]
}