<project version="4">
  <component name="BookmarksManager">
    <option name="groups">
      <GroupState>
        <option name="name" value="app-release" />
      </GroupState>
    </option>
  </component>
  <component name="FileEditorManager">
    <leaf SIDE_TABS_SIZE_LIMIT_KEY="-1">
      <file pinned="false" current-in-tab="true">
        <entry file="file://$PROJECT_DIR$/app-release.apk">
          <provider selected="true" editor-type-id="apk-viewer" />
        </entry>
      </file>
    </leaf>
  </component>
  <component name="FileTypeUsageLocalSummary">
    <fileType name="APK">
      <summary usageCount="3" lastUsed="1695890132091" />
    </fileType>
  </component>
  <component name="IgnoredFileRootStore">
    <option name="generatedRoots">
      <set>
        <option value="$PROJECT_DIR$/.idea" />
      </set>
    </option>
  </component>
  <component name="ProjectView">
    <navigator currentView="AndroidView" proportions="" version="1" />
    <panes>
      <pane id="PackagesPane" />
      <pane id="AndroidView">
        <subPane>
          <expand>
            <path>
              <item name="app-release" type="1abcf292:AndroidViewProjectNode" />
              <item name="app-release" type="f4e93913:ApkModuleNode" />
            </path>
          </expand>
          <select />
        </subPane>
      </pane>
      <pane id="ProjectPane" />
      <pane id="Scope" />
    </panes>
  </component>
  <component name="TerminalArrangementManager">
    <option name="myTabStates">
      <TerminalTabState tabName="Local" currentWorkingDirectory="$PROJECT_DIR$" commandHistoryFileName="app-release-history" />
    </option>
  </component>
  <component name="ToolWindowManager">
    <layout>
      <window_info id="Bookmarks" order="0" side_tool="true" />
      <window_info id="Resources Explorer" order="1" />
      <window_info id="Build Variants" order="2" side_tool="true" />
      <window_info active="true" content_ui="combo" id="Project" order="3" visible="true" weight="0.12408185" />
      <window_info id="Structure" order="4" side_tool="true" />
      <window_info anchor="bottom" id="Version Control" order="0" />
      <window_info anchor="bottom" id="Find" order="1" />
      <window_info anchor="bottom" id="Run" order="2" />
      <window_info anchor="bottom" id="Debug" order="3" weight="0.4" />
      <window_info anchor="bottom" id="TODO" order="4" />
      <window_info anchor="bottom" id="Android Profiler" order="5" />
      <window_info anchor="bottom" id="Layout Inspector" order="6" side_tool="true" />
      <window_info anchor="bottom" id="Inspection" order="7" weight="0.4" />
      <window_info anchor="bottom" id="Problems View" order="8" />
      <window_info active="true" anchor="bottom" id="Terminal" order="9" visible="true" weight="0.33021653" />
      <window_info anchor="bottom" id="Logcat" order="10" />
      <window_info anchor="bottom" id="Services" order="11" />
      <window_info anchor="bottom" id="App Quality Insights" order="12" />
      <window_info anchor="bottom" id="App Inspection" order="13" />
      <window_info anchor="right" id="Device Explorer" order="0" side_tool="true" />
      <window_info anchor="right" id="App Links Assistant" order="1" />
      <window_info anchor="right" id="Device Manager" order="2" sideWeight="0.118320614" visible="true" weight="0.32974815" />
      <window_info anchor="right" id="Notifications" order="3" weight="0.25" />
      <window_info anchor="right" x="482" y="-12" width="814" height="955" id="Running Devices" order="4" sideWeight="0.8816794" side_tool="true" type="WINDOWED" weight="0.32974815" />
    </layout>
    <recentWindows>
      <value>Device Manager</value>
      <value>Running Devices</value>
      <value>Terminal</value>
      <value>Project</value>
    </recentWindows>
  </component>
  <component name="WindowStateProjectService">
    <state x="313" y="42" width="1276" height="972" key="SettingsEditor" timestamp="1695890560241">
      <screen x="0" y="0" width="1920" height="1080" />
    </state>
    <state x="313" y="42" width="1276" height="972" key="SettingsEditor/0.0.1920.1080@0.0.1920.1080" timestamp="1695890560241" />
  </component>
  <component name="editorHistoryManager">
    <entry file="file://$PROJECT_DIR$/app-release.apk">
      <provider selected="true" editor-type-id="apk-viewer" />
    </entry>
  </component>
</project>