{
  "add books dialog dir": "/home/scelester/ProjectD/fetcher/Nine Star Hegemon Body Arts p2",
  "add books dialog dir-last-used-filter-spec-all-files": false,
  "change cover dialog": "/home/scelester/Desktop",
  "choose library location": "/home/scelester/Calibre Lab/Main",
  "choose_library_icon": "/home/scelester/Pictures",
  "save to disk dialog": "/home/scelester/Desktop/x",
  "sort_history": [
    [
      "title",
      true
    ],
    [
      "title",
      false
    ],
    [
      "tags",
      false
    ],
    [
      "tags",
      true
    ],
    [
      "timestamp",
      true
    ],
    [
      "timestamp",
      false
    ],
    [
      "timestamp",
      true
    ],
    [
      "timestamp",
      false
    ],
    [
      "size",
      false
    ],
    [
      "size",
      true
    ],
    [
      "timestamp",
      false
    ],
    [
      "timestamp",
      true
    ],
    [
      "timestamp",
      false
    ],
    [
      "title",
      false
    ],
    [
      "title",
      true
    ],
    [
      "title",
      false
    ],
    [
      "title",
      true
    ],
    [
      "title",
      false
    ],
    [
      "title",
      true
    ],
    [
      "timestamp",
      false
    ],
    [
      "timestamp",
      false
    ]
  ],
  "welcome_wizard_device": "default",
  "welcome_wizard_was_run": true
}