<?xml version="1.0" encoding="UTF-8"?>
<!DOCTYPE toolbar:toolbar PUBLIC "-//OpenOffice.org//DTD OfficeDocument 1.0//EN" "toolbar.dtd">
<toolbar:toolbar xmlns:toolbar="http://openoffice.org/2001/toolbar" xmlns:xlink="http://www.w3.org/1999/xlink">
 <toolbar:toolbaritem xlink:href=".uno:OpenUrl" toolbar:visible="false"/>
 <toolbar:toolbaritem xlink:href=".uno:AddDirect"/>
 <toolbar:toolbaritem xlink:href=".uno:NewDoc" toolbar:visible="false"/>
 <toolbar:toolbaritem xlink:href=".uno:Open"/>
 <toolbar:toolbaritem xlink:href=".uno:OpenRemote" toolbar:visible="false"/>
 <toolbar:toolbaritem xlink:href=".uno:Save"/>
 <toolbar:toolbaritem xlink:href=".uno:SaveAs" toolbar:visible="false"/>
 <toolbar:toolbaritem xlink:href=".uno:SendMail" toolbar:visible="false"/>
 <toolbar:toolbarseparator/>
 <toolbar:toolbaritem xlink:href=".uno:EditDoc" toolbar:visible="false"/>
 <toolbar:toolbarseparator/>
 <toolbar:toolbaritem xlink:href=".uno:ExportDirectToPDF"/>
 <toolbar:toolbaritem xlink:href=".uno:PrintDefault" toolbar:visible="false"/>
 <toolbar:toolbaritem xlink:href=".uno:Print"/>
 <toolbar:toolbarseparator/>
 <toolbar:toolbaritem xlink:href=".uno:Cut"/>
 <toolbar:toolbaritem xlink:href=".uno:Copy"/>
 <toolbar:toolbaritem xlink:href=".uno:Paste"/>
 <toolbar:toolbarseparator/>
 <toolbar:toolbaritem xlink:href=".uno:FormatPaintbrush"/>
 <toolbar:toolbaritem xlink:href=".uno:SetDefault" toolbar:visible="false"/>
 <toolbar:toolbarseparator/>
 <toolbar:toolbaritem xlink:href=".uno:Undo"/>
 <toolbar:toolbaritem xlink:href=".uno:Redo"/>
 <toolbar:toolbarseparator/>
 <toolbar:toolbaritem xlink:href=".uno:SearchDialog"/>
 <toolbar:toolbaritem xlink:href=".uno:SpellDialog"/>
 <toolbar:toolbaritem xlink:href=".uno:SpellOnline" toolbar:visible="false"/>
 <toolbar:toolbaritem xlink:href=".uno:ZoomMode" toolbar:visible="false"/>
 <toolbar:toolbaritem xlink:href=".uno:ZoomToolBox" toolbar:visible="false"/>
 <toolbar:toolbarseparator/>
 <toolbar:toolbaritem xlink:href=".uno:GridVisible"/>
 <toolbar:toolbaritem xlink:href=".uno:GridUse"/>
 <toolbar:toolbaritem xlink:href=".uno:HelplinesMove" toolbar:visible="false"/>
 <toolbar:toolbaritem xlink:href=".uno:DisplayMode"/>
 <toolbar:toolbaritem xlink:href=".uno:ToggleTabBarVisibility" toolbar:visible="false"/>
 <toolbar:toolbaritem xlink:href=".uno:SlideSetup" toolbar:visible="false"/>
 <toolbar:toolbaritem xlink:href=".uno:SlideMasterPage"/>
 <toolbar:toolbarseparator/>
 <toolbar:toolbaritem xlink:href=".uno:Presentation"/>
 <toolbar:toolbaritem xlink:href=".uno:PresentationCurrentSlide"/>
 <toolbar:toolbarseparator/>
 <toolbar:toolbaritem xlink:href=".uno:InsertTable"/>
 <toolbar:toolbaritem xlink:href=".uno:InsertGraphic"/>
 <toolbar:toolbaritem xlink:href=".uno:InsertAVMedia"/>
 <toolbar:toolbaritem xlink:href=".uno:InsertObjectChart"/>
 <toolbar:toolbarseparator/>
 <toolbar:toolbaritem xlink:href=".uno:Text"/>
 <toolbar:toolbaritem xlink:href=".uno:CharmapControl"/>
 <toolbar:toolbaritem xlink:href=".uno:VerticalText" toolbar:visible="false"/>
 <toolbar:toolbaritem xlink:href=".uno:FontworkGalleryFloater"/>
 <toolbar:toolbaritem xlink:href=".uno:HyperlinkDialog"/>
 <toolbar:toolbaritem xlink:href=".uno:InsertDraw"/>
 <toolbar:toolbarseparator/>
 <toolbar:toolbaritem xlink:href=".uno:AnimationEffects" toolbar:visible="false"/>
 <toolbar:toolbarseparator/>
 <toolbar:toolbaritem xlink:href=".uno:HelpIndex" toolbar:visible="false"/>
 <toolbar:toolbaritem xlink:href=".uno:ExtendedHelp" toolbar:visible="false"/>
 <toolbar:toolbaritem xlink:href=".uno:ColorView"/>
</toolbar:toolbar>